tanggal,commercial_flights,total_flights,share_commercial_%
2022-01-01,69503,112178,62.0
2022-01-02,84502,143753,58.8
2022-01-03,89473,161499,55.4
2022-01-04,90148,168913,53.4
2022-01-05,90326,164358,55.0
2022-01-06,90687,168443,53.8
2022-01-07,92462,167800,55.1
2022-01-08,84891,156230,54.3
2022-01-09,86724,148810,58.3
2022-01-10,88026,163573,53.8
2022-01-11,85864,170750,50.3
2022-01-12,86979,181070,48.0
2022-01-13,89806,185403,48.4
2022-01-14,91778,180672,50.8
2022-01-15,80629,152297,52.9
2022-01-16,77727,144571,53.8
2022-01-17,82835,155855,53.1
2022-01-18,84121,166452,50.5
2022-01-19,85176,169845,50.1
2022-01-20,89488,169055,52.9
2022-01-21,92191,178918,51.5
2022-01-22,80414,156639,51.3
2022-01-23,81796,158033,51.8
2022-01-24,85655,168443,50.9
2022-01-25,84860,165606,51.2
2022-01-26,87124,175538,49.6
2022-01-27,90630,184883,49.0
2022-01-28,93052,180749,51.5
2022-01-29,78920,153674,51.4
2022-01-30,81592,164940,49.5
2022-01-31,82235,168218,48.9
2022-02-01,79482,163738,48.5
2022-02-02,79858,152315,52.4
2022-02-03,81182,149649,54.2
2022-02-04,85771,155219,55.3
2022-02-05,81273,159841,50.8
2022-02-06,84822,160883,52.7
2022-02-07,90151,170108,53.0
2022-02-08,89663,182198,49.2
2022-02-09,90968,194573,46.8
2022-02-10,95881,197247,48.6
2022-02-11,97650,199407,49.0
2022-02-12,86753,182400,47.6
2022-02-13,85077,162754,52.3
2022-02-14,91622,179105,51.2
2022-02-15,91365,184160,49.6
2022-02-16,92535,176757,52.4
2022-02-17,94607,173543,54.5
2022-02-18,98240,189274,51.9
2022-02-19,90499,175553,51.6
2022-02-20,88397,168820,52.4
2022-02-21,91590,173769,52.7
2022-02-22,89400,162481,55.0
2022-02-23,93135,177769,52.4
2022-02-24,95428,181724,52.5
2022-02-25,100451,193204,52.0
2022-02-26,91840,189551,48.5
2022-02-27,90609,179704,50.4
2022-02-28,94869,193583,49.0
2022-03-01,94535,197682,47.8
2022-03-02,96022,207114,46.4
2022-03-03,98801,206361,47.9
2022-03-04,101428,207161,49.0
2022-03-05,88250,175498,50.3
2022-03-06,89024,168814,52.7
2022-03-07,92951,174120,53.4
2022-03-08,92236,186695,49.4
2022-03-09,92140,188038,49.0
2022-03-10,97133,202522,48.0
2022-03-11,98215,190105,51.7
2022-03-12,85452,166494,51.3
2022-03-13,90487,178259,50.8
2022-03-14,93793,191816,48.9
2022-03-15,91873,192352,47.8
2022-03-16,91902,194452,47.3
2022-03-17,95065,199396,47.7
2022-03-18,97354,200003,48.7
2022-03-19,85899,176739,48.6
2022-03-20,88850,183049,48.5
2022-03-21,92156,186457,49.4
2022-03-22,89489,185992,48.1
2022-03-23,90688,189258,47.9
2022-03-24,94506,196262,48.2
2022-03-25,98252,209212,47.0
2022-03-26,86234,185669,46.4
2022-03-27,90644,185247,48.9
2022-03-28,95990,188961,50.8
2022-03-29,97896,195075,50.2
2022-03-30,102321,191633,53.4
2022-03-31,108259,195010,55.5
2022-04-01,98205,195234,50.3
2022-04-02,81604,174728,46.7
2022-04-03,82574,170142,48.5
2022-04-04,87070,177283,49.1
2022-04-05,86140,171243,50.3
2022-04-06,88337,173987,50.8
2022-04-07,90237,177174,50.9
2022-04-08,94195,190645,49.4
2022-04-09,83434,172938,48.2
2022-04-10,84711,179021,47.3
2022-04-11,89377,184348,48.5
2022-04-12,88726,184009,48.2
2022-04-13,90629,188567,48.1
2022-04-14,93665,196601,47.6
2022-04-15,91173,195699,46.6
2022-04-16,81105,172765,46.9
2022-04-17,82006,165219,49.6
2022-04-18,88703,190721,46.5
2022-04-19,91395,190513,48.0
2022-04-20,92896,199567,46.5
2022-04-21,94392,198361,47.6
2022-04-22,94808,194597,48.7
2022-04-23,83569,181013,46.2
2022-04-24,85123,176815,48.1
2022-04-25,91539,186699,49.0
2022-04-26,92909,197760,47.0
2022-04-27,95276,210876,45.2
2022-04-28,98350,212071,46.4
2022-04-29,100104,212696,47.1
2022-04-30,86725,188305,46.1
2022-05-01,86710,178244,48.6
2022-05-02,91977,181974,50.5
2022-05-03,95487,189091,50.5
2022-05-04,97163,196875,49.4
2022-05-05,99795,209052,47.7
2022-05-06,100134,201343,49.7
2022-05-07,86914,179676,48.4
2022-05-08,88822,176925,50.2
2022-05-09,95436,192616,49.5
2022-05-10,97642,207578,47.0
2022-05-11,97746,214545,45.6
2022-05-12,100731,214639,46.9
2022-05-13,100992,209956,48.1
2022-05-14,89147,204344,43.6
2022-05-15,91034,197635,46.1
2022-05-16,96834,194771,49.7
2022-05-17,97693,212534,46.0
2022-05-18,99029,217282,45.6
2022-05-19,101695,210972,48.2
2022-05-20,100876,198279,50.9
2022-05-21,88739,186543,47.6
2022-05-22,90321,191264,47.2
2022-05-23,96575,195121,49.5
2022-05-24,97915,200686,48.8
2022-05-25,99270,202583,49.0
2022-05-26,101453,210527,48.2
2022-05-27,100881,205543,49.1
2022-05-28,89968,190868,47.1
2022-05-29,90049,181117,49.7
2022-05-30,95971,192033,50.0
2022-05-31,97066,204064,47.6
2022-06-01,100940,212656,47.5
2022-06-02,102643,217830,47.1
2022-06-03,103027,215508,47.8
2022-06-04,91317,196856,46.4
2022-06-05,94441,186419,50.7
2022-06-06,100546,202381,49.7
2022-06-07,102560,204856,50.1
2022-06-08,103623,207728,49.9
2022-06-09,107036,213387,50.2
2022-06-10,108413,225295,48.1
2022-06-11,96034,207754,46.2
2022-06-12,96772,194785,49.7
2022-06-13,102828,202815,50.7
2022-06-14,103656,216082,48.0
2022-06-15,107402,232483,46.2
2022-06-16,106149,227978,46.6
2022-06-17,108326,230234,47.1
2022-06-18,95879,202399,47.4
2022-06-19,97241,193447,50.3
2022-06-20,104514,218626,47.8
2022-06-21,105473,225914,46.7
2022-06-22,106252,223361,47.6
2022-06-23,109067,233198,46.8
2022-06-24,108629,227445,47.8
2022-06-25,98193,208889,47.0
2022-06-26,99229,198069,50.1
2022-06-27,104744,207309,50.5
2022-06-28,107247,225080,47.6
2022-06-29,107587,226438,47.5
2022-06-30,110001,229964,47.8
2022-07-01,109685,218675,50.2
2022-07-02,99662,204046,48.8
2022-07-03,99590,197526,50.4
2022-07-04,101679,193279,52.6
2022-07-05,105277,208591,50.5
2022-07-06,109000,220338,49.5
2022-07-07,111459,225904,49.3
2022-07-08,112972,227787,49.6
2022-07-09,101337,210684,48.1
2022-07-10,101576,208458,48.7
2022-07-11,107502,214965,50.0
2022-07-12,109045,222333,49.0
2022-07-13,113298,242662,46.7
2022-07-14,111892,235498,47.5
2022-07-15,112182,237649,47.2
2022-07-16,101327,211698,47.9
2022-07-17,101451,202521,50.1
2022-07-18,107012,209433,51.1
2022-07-19,108628,222392,48.8
2022-07-20,109540,226530,48.4
2022-07-21,112228,230775,48.6
2022-07-22,113345,239208,47.4
2022-07-23,101119,210042,48.1
2022-07-24,101739,206107,49.4
2022-07-25,106568,207917,51.3
2022-07-26,107693,218206,49.4
2022-07-27,108275,228171,47.5
2022-07-28,111675,233015,47.9
2022-07-29,112885,232750,48.5
2022-07-30,102745,212658,48.3
2022-07-31,103248,204311,50.5
2022-08-01,107460,209778,51.2
2022-08-02,108188,219826,49.2
2022-08-03,109456,229126,47.8
2022-08-04,110935,228189,48.6
2022-08-05,112007,225771,49.6
2022-08-06,102037,208576,48.9
2022-08-07,102524,203396,50.4
2022-08-08,106930,211408,50.6
2022-08-09,108004,221663,48.7
2022-08-10,109580,230887,47.5
2022-08-11,111744,234128,47.7
2022-08-12,112888,238892,47.3
2022-08-13,101886,218609,46.6
2022-08-14,102274,207848,49.2
2022-08-15,106851,211464,50.5
2022-08-16,108415,219243,49.4
2022-08-17,108575,218324,49.7
2022-08-18,110463,221732,49.8
2022-08-19,111574,222736,50.1
2022-08-20,100606,203294,49.5
2022-08-21,100699,196886,51.1
2022-08-22,105192,200697,52.4
2022-08-23,106458,214485,49.6
2022-08-24,107700,227614,47.3
2022-08-25,109698,226398,48.5
2022-08-26,112079,224655,49.9
2022-08-27,99692,208395,47.8
2022-08-28,100405,203794,49.3
2022-08-29,104023,205560,50.6
2022-08-30,105621,210620,50.1
2022-08-31,107732,226110,47.6
2022-09-01,109815,231098,47.5
2022-09-02,108282,227102,47.7
2022-09-03,94981,192987,49.2
2022-09-04,93282,182339,51.2
2022-09-05,99262,192885,51.5
2022-09-06,100789,200668,50.2
2022-09-07,104268,215411,48.4
2022-09-08,106667,217959,48.9
2022-09-09,107652,217653,49.5
2022-09-10,93393,189154,49.4
2022-09-11,94783,184632,51.3
2022-09-12,102501,199766,51.3
2022-09-13,103249,210860,49.0
2022-09-14,103358,216046,47.8
2022-09-15,107790,225590,47.8
2022-09-16,105514,222709,47.4
2022-09-17,93713,197488,47.5
2022-09-18,96110,190760,50.4
2022-09-19,100043,197580,50.6
2022-09-20,104026,213956,48.6
2022-09-21,105213,220502,47.7
2022-09-22,107626,217574,49.5
2022-09-23,110299,226579,48.7
2022-09-24,96230,201489,47.8
2022-09-25,97618,192464,50.7
2022-09-26,104210,199870,52.1
2022-09-27,104024,203549,51.1
2022-09-28,103138,206986,49.8
2022-09-29,105246,207949,50.6
2022-09-30,107729,216780,49.7
2022-10-01,95155,183069,52.0
2022-10-02,94601,179542,52.7
2022-10-03,100160,201896,49.6
2022-10-04,100976,206115,49.0
2022-10-05,108429,212246,51.1
2022-10-06,114430,225735,50.7
2022-10-07,115457,223948,51.6
2022-10-08,101674,202411,50.2
2022-10-09,101158,198476,51.0
2022-10-10,106846,202996,52.6
2022-10-11,107207,208313,51.5
2022-10-12,107649,204547,52.6
2022-10-13,109877,198642,55.3
2022-10-14,112090,211542,53.0
2022-10-15,98588,189831,51.9
2022-10-16,100235,194612,51.5
2022-10-17,105373,191440,55.0
2022-10-18,105245,203900,51.6
2022-10-19,107165,211432,50.7
2022-10-20,111008,218100,50.9
2022-10-21,110369,215202,51.3
2022-10-22,97683,189040,51.7
2022-10-23,99224,182078,54.5
2022-10-24,104464,185458,56.3
2022-10-25,105092,195755,53.7
2022-10-26,108459,206552,52.5
2022-10-27,111579,221844,50.3
2022-10-28,111160,216792,51.3
2022-10-29,97519,192854,50.6
2022-10-30,97048,184446,52.6
2022-10-31,100300,184534,54.4
2022-11-01,101305,187623,54.0
2022-11-02,103276,198666,52.0
2022-11-03,105992,204776,51.8
2022-11-04,107688,199390,54.0
2022-11-05,93526,170102,55.0
2022-11-06,95844,172859,55.4
2022-11-07,101568,184907,54.9
2022-11-08,101329,185787,54.5
2022-11-09,100409,192140,52.3
2022-11-10,103524,196329,52.7
2022-11-11,104535,184673,56.6
2022-11-12,93077,172453,54.0
2022-11-13,95981,175221,54.8
2022-11-14,101841,186615,54.6
2022-11-15,101217,181512,55.8
2022-11-16,102498,188525,54.4
2022-11-17,105565,199325,53.0
2022-11-18,108505,205878,52.7
2022-11-19,94905,178298,53.2
2022-11-20,96350,166446,57.9
2022-11-21,101897,183606,55.5
2022-11-22,102926,196109,52.5
2022-11-23,103371,194739,53.1
2022-11-24,91495,148835,61.5
2022-11-25,94636,160436,59.0
2022-11-26,92172,164923,55.9
2022-11-27,96296,163122,59.0
2022-11-28,101667,181989,55.9
2022-11-29,99236,179559,55.3
2022-11-30,99485,175155,56.8
2022-12-01,104371,193090,54.1
2022-12-02,104667,189336,55.3
2022-12-03,91271,156188,58.4
2022-12-04,93731,163639,57.3
2022-12-05,100128,176755,56.6
2022-12-06,100013,175843,56.9
2022-12-07,102041,179491,56.9
2022-12-08,108646,194204,55.9
2022-12-09,107018,191866,55.8
2022-12-10,93839,160498,58.5
2022-12-11,95778,148113,64.7
2022-12-12,102209,173827,58.8
2022-12-13,103091,187200,55.1
2022-12-14,103984,183214,56.8
2022-12-15,106928,183245,58.4
2022-12-16,110993,190096,58.4
2022-12-17,100483,170019,59.1
2022-12-18,99505,164281,60.6
2022-12-19,103475,173980,59.5
2022-12-20,104825,180452,58.1
2022-12-21,105231,181290,58.0
2022-12-22,103797,160034,64.9
2022-12-23,98090,145543,67.4
2022-12-24,85245,123098,69.2
2022-12-25,74829,102872,72.7
2022-12-26,91782,151325,60.7
2022-12-27,98368,170359,57.7
2022-12-28,101823,176269,57.8
2022-12-29,103293,172741,59.8
2022-12-30,105237,169598,62.1
2022-12-31,89907,132716,67.7
2023-01-01,84203,126190,66.7
2023-01-02,100935,164382,61.4
2023-01-03,102866,160768,64.0
2023-01-04,104820,167013,62.8
2023-01-05,107076,178252,60.1
2023-01-06,107777,185984,57.9
2023-01-07,99791,174485,57.2
2023-01-08,101250,166876,60.7
2023-01-09,105651,177321,59.6
2023-01-10,105004,182783,57.4
2023-01-11,104071,183608,56.7
2023-01-12,108425,178489,60.7
2023-01-13,110615,180786,61.2
2023-01-14,100176,164183,61.0
2023-01-15,98189,159014,61.7
2023-01-16,104353,173872,60.0
2023-01-17,104617,179306,58.3
2023-01-18,105641,180057,58.7
2023-01-19,108352,183818,58.9
2023-01-20,111745,194136,57.6
2023-01-21,94981,166980,56.9
2023-01-22,94538,148610,63.6
2023-01-23,102704,168445,61.0
2023-01-24,103120,182447,56.5
2023-01-25,102936,170689,60.3
2023-01-26,109148,186970,58.4
2023-01-27,111983,201160,55.7
2023-01-28,100619,179118,56.2
2023-01-29,99421,157176,63.3
2023-01-30,105047,168541,62.3
2023-01-31,102665,170595,60.2
2023-02-01,104945,184065,57.0
2023-02-02,108735,190140,57.2
2023-02-03,111473,191963,58.1
2023-02-04,100783,177968,56.6
2023-02-05,100280,170933,58.7
2023-02-06,108877,191217,56.9
2023-02-07,107983,197518,54.7
2023-02-08,112434,209088,53.8
2023-02-09,118956,208202,57.1
2023-02-10,115438,204727,56.4
2023-02-11,102507,186006,55.1
2023-02-12,101358,175649,57.7
2023-02-13,108687,196421,55.3
2023-02-14,105945,188948,56.1
2023-02-15,108657,194146,56.0
2023-02-16,111475,196327,56.8
2023-02-17,112876,196578,57.4
2023-02-18,105911,194112,54.6
2023-02-19,102976,180886,56.9
2023-02-20,109070,194376,56.1
2023-02-21,108750,190972,56.9
2023-02-22,107098,177784,60.2
2023-02-23,110464,185172,59.7
2023-02-24,114920,193583,59.4
2023-02-25,103227,173186,59.6
2023-02-26,104253,172617,60.4
2023-02-27,108968,182452,59.7
2023-02-28,109461,195531,56.0
2023-03-01,112059,201659,55.6
2023-03-02,112531,198061,56.8
2023-03-03,114055,196472,58.1
2023-03-04,102508,184544,55.5
2023-03-05,104737,185425,56.5
2023-03-06,110372,196192,56.3
2023-03-07,108643,194103,56.0
2023-03-08,107920,189545,56.9
2023-03-09,112850,202031,55.9
2023-03-10,114234,192345,59.4
2023-03-11,102970,175435,58.7
2023-03-12,106352,172523,61.6
2023-03-13,109871,180988,60.7
2023-03-14,110775,193967,57.1
2023-03-15,113224,207409,54.6
2023-03-16,115563,214245,53.9
2023-03-17,116535,205306,56.8
2023-03-18,104407,188976,55.2
2023-03-19,108033,185036,58.4
2023-03-20,114135,199795,57.1
2023-03-21,111328,200877,55.4
2023-03-22,111732,198384,56.3
2023-03-23,115689,197466,58.6
2023-03-24,116003,202664,57.2
2023-03-25,102873,174267,59.0
2023-03-26,107716,186395,57.8
2023-03-27,113047,201275,56.2
2023-03-28,115637,208323,55.5
2023-03-29,109502,199935,54.8
2023-03-30,119876,215747,55.6
2023-03-31,116435,193572,60.2
2023-04-01,104748,170384,61.5
2023-04-02,106508,184254,57.8
2023-04-03,113303,197218,57.5
2023-04-04,114423,205384,55.7
2023-04-05,115086,207819,55.4
2023-04-06,120728,217749,55.4
2023-04-07,117420,209442,56.1
2023-04-08,106865,194722,54.9
2023-04-09,106439,178586,59.6
2023-04-10,116184,213029,54.5
2023-04-11,117819,213170,55.3
2023-04-12,118973,212656,55.9
2023-04-13,121151,221263,54.8
2023-04-14,122504,226362,54.1
2023-04-15,110228,199503,55.3
2023-04-16,110768,185872,59.6
2023-04-17,119834,203561,58.9
2023-04-18,123957,221218,56.0
2023-04-19,120296,218655,55.0
2023-04-20,125605,229496,54.7
2023-04-21,124823,229003,54.5
2023-04-22,111107,200746,55.3
2023-04-23,113208,195828,57.8
2023-04-24,121069,211152,57.3
2023-04-25,122757,220709,55.6
2023-04-26,122078,222644,54.8
2023-04-27,126747,229764,55.2
2023-04-28,127952,222184,57.6
2023-04-29,114002,199083,57.3
2023-04-30,112722,189090,59.6
2023-05-01,118096,201335,58.7
2023-05-02,122850,211457,58.1
2023-05-03,125881,234337,53.7
2023-05-04,127988,239593,53.4
2023-05-05,127318,229606,55.5
2023-05-06,112387,205607,54.7
2023-05-07,114765,200237,57.3
2023-05-08,121734,210533,57.8
2023-05-09,122722,220204,55.7
2023-05-10,123705,228799,54.1
2023-05-11,125830,233676,53.8
2023-05-12,125119,229366,54.5
2023-05-13,111909,205922,54.3
2023-05-14,112594,191950,58.7
2023-05-15,122287,217692,56.2
2023-05-16,123553,224436,55.1
2023-05-17,125428,237290,52.9
2023-05-18,128183,251829,50.9
2023-05-19,124583,230560,54.0
2023-05-20,113432,209090,54.3
2023-05-21,117587,219257,53.6
2023-05-22,124292,228114,54.5
2023-05-23,124934,230226,54.3
2023-05-24,125427,236265,53.1
2023-05-25,134332,253218,53.0
2023-05-26,134017,254666,52.6
2023-05-27,116042,227838,50.9
2023-05-28,114497,209036,54.8
2023-05-29,120147,220721,54.4
2023-05-30,123867,230432,53.8
2023-05-31,126765,236333,53.6
2023-06-01,129613,243473,53.2
2023-06-02,129440,244821,52.9
2023-06-03,117119,226263,51.8
2023-06-04,118142,214790,55.0
2023-06-05,125929,224935,56.0
2023-06-06,125701,232391,54.1
2023-06-07,127243,237403,53.6
2023-06-08,129377,242257,53.4
2023-06-09,130567,245580,53.2
2023-06-10,117516,226491,51.9
2023-06-11,119417,212654,56.2
2023-06-12,125901,219009,57.5
2023-06-13,128233,234091,54.8
2023-06-14,129297,237768,54.4
2023-06-15,132912,250073,53.1
2023-06-16,132121,243921,54.2
2023-06-17,120573,229873,52.5
2023-06-18,119238,211577,56.4
2023-06-19,127992,222752,57.5
2023-06-20,128533,229700,56.0
2023-06-21,130877,238426,54.9
2023-06-22,132914,239513,55.5
2023-06-23,131948,237379,55.6
2023-06-24,121129,228903,52.9
2023-06-25,120629,220502,54.7
2023-06-26,127808,225873,56.6
2023-06-27,129372,234084,55.3
2023-06-28,129669,238655,54.3
2023-06-29,132731,246575,53.8
2023-06-30,134259,246952,54.4
2023-07-01,123568,217252,56.9
2023-07-02,120722,200933,60.1
2023-07-03,125063,215096,58.1
2023-07-04,120580,204352,59.0
2023-07-05,128094,232361,55.1
2023-07-06,134396,250831,53.6
2023-07-07,133704,253474,52.7
2023-07-08,123526,230056,53.7
2023-07-09,122318,217415,56.3
2023-07-10,130535,232989,56.0
2023-07-11,133520,252629,52.9
2023-07-12,134478,251354,53.5
2023-07-13,137231,252487,54.4
2023-07-14,136508,249309,54.8
2023-07-15,124930,219882,56.8
2023-07-16,124829,210721,59.2
2023-07-17,132803,237785,55.9
2023-07-18,133872,247257,54.1
2023-07-19,136096,253328,53.7
2023-07-20,139238,262103,53.1
2023-07-21,138058,255635,54.0
2023-07-22,127884,239056,53.5
2023-07-23,126769,224934,56.4
2023-07-24,133272,232308,57.4
2023-07-25,134186,241778,55.5
2023-07-26,135594,249243,54.4
2023-07-27,135776,249406,54.4
2023-07-28,135843,250635,54.2
2023-07-29,125394,222108,56.5
2023-07-30,126910,225336,56.3
2023-07-31,132160,237272,55.7
2023-08-01,134247,252064,53.3
2023-08-02,135095,247823,54.5
2023-08-03,137195,245333,55.9
2023-08-04,137202,242322,56.6
2023-08-05,126087,224340,56.2
2023-08-06,125619,211804,59.3
2023-08-07,131364,222293,59.1
2023-08-08,132967,236626,56.2
2023-08-09,134755,252733,53.3
2023-08-10,135653,248745,54.5
2023-08-11,137794,259493,53.1
2023-08-12,126067,226831,55.6
2023-08-13,126764,224503,56.5
2023-08-14,130930,229162,57.1
2023-08-15,132053,236729,55.8
2023-08-16,134902,251654,53.6
2023-08-17,135238,245786,55.0
2023-08-18,135428,247941,54.6
2023-08-19,125787,234784,53.6
2023-08-20,124823,226606,55.1
2023-08-21,131278,231555,56.7
2023-08-22,133630,245039,54.5
2023-08-23,134567,253202,53.1
2023-08-24,135864,246257,55.2
2023-08-25,135992,238727,57.0
2023-08-26,124195,221217,56.1
2023-08-27,124613,215368,57.9
2023-08-28,129565,224182,57.8
2023-08-29,132291,227429,58.2
2023-08-30,131586,229707,57.3
2023-08-31,135847,246357,55.1
2023-09-01,132754,244071,54.4
2023-09-02,119304,224646,53.1
2023-09-03,118964,212041,56.1
2023-09-04,126470,223262,56.6
2023-09-05,128367,233542,55.0
2023-09-06,130407,243010,53.7
2023-09-07,132132,245054,53.9
2023-09-08,131902,244325,54.0
2023-09-09,120369,229073,52.5
2023-09-10,121893,218643,55.7
2023-09-11,129107,222522,58.0
2023-09-12,129580,227710,56.9
2023-09-13,130382,233978,55.7
2023-09-14,133285,244566,54.5
2023-09-15,134667,246665,54.6
2023-09-16,118394,219709,53.9
2023-09-17,121483,214222,56.7
2023-09-18,130001,222740,58.4
2023-09-19,129966,233245,55.7
2023-09-20,132412,242959,54.5
2023-09-21,135143,245263,55.1
2023-09-22,135269,240761,56.2
2023-09-23,120597,213313,56.5
2023-09-24,121719,211166,57.6
2023-09-25,129218,221473,58.3
2023-09-26,130901,228733,57.2
2023-09-27,131552,233594,56.3
2023-09-28,133932,236968,56.5
2023-09-29,134009,237110,56.5
2023-09-30,120856,216422,55.8
2023-10-01,121085,215011,56.3
2023-10-02,128342,225202,57.0
2023-10-03,128207,230527,55.6
2023-10-04,130300,235664,55.3
2023-10-05,132951,236481,56.2
2023-10-06,134647,235280,57.2
2023-10-07,120261,212993,56.5
2023-10-08,118384,210904,56.1
2023-10-09,126968,221650,57.3
2023-10-10,128451,232340,55.3
2023-10-11,127935,229403,55.8
2023-10-12,129376,221605,58.4
2023-10-13,129766,225114,57.6
2023-10-14,116454,193585,60.2
2023-10-15,119878,201883,59.4
2023-10-16,127064,219334,57.9
2023-10-17,126964,234437,54.2
2023-10-18,128132,238441,53.7
2023-10-19,130210,234864,55.4
2023-10-20,130060,219956,59.1
2023-10-21,117513,199355,58.9
2023-10-22,119078,204845,58.1
2023-10-23,126466,223690,56.5
2023-10-24,125495,220170,57.0
2023-10-25,125941,216988,58.0
2023-10-26,129025,222145,58.1
2023-10-27,131517,226920,58.0
2023-10-28,115537,201501,57.3
2023-10-29,115250,184594,62.4
2023-10-30,122368,202246,60.5
2023-10-31,118903,208365,57.1
2023-11-01,120026,214713,55.9
2023-11-02,124131,223485,55.5
2023-11-03,127349,226224,56.3
2023-11-04,112629,202018,55.8
2023-11-05,114773,197390,58.1
2023-11-06,120364,208204,57.8
2023-11-07,119609,217510,55.0
2023-11-08,121650,221916,54.8
2023-11-09,123618,217533,56.8
2023-11-10,126860,218253,58.1
2023-11-11,111425,196410,56.7
2023-11-12,112883,191868,58.8
2023-11-13,119997,205920,58.3
2023-11-14,119018,210792,56.5
2023-11-15,121104,217786,55.6
2023-11-16,122351,213000,57.4
2023-11-17,126604,219611,57.6
2023-11-18,112585,195125,57.7
2023-11-19,115390,193969,59.5
2023-11-20,120519,203783,59.1
2023-11-21,118930,197999,60.1
2023-11-22,121036,209601,57.7
2023-11-23,108534,169740,63.9
2023-11-24,112005,187101,59.9
2023-11-25,112412,194310,57.9
2023-11-26,115789,183811,63.0
2023-11-27,122645,203390,60.3
2023-11-28,120570,204322,59.0
2023-11-29,121958,216334,56.4
2023-11-30,123402,208789,59.1
2023-12-01,124676,196395,63.5
2023-12-02,109336,164128,66.6
2023-12-03,112508,166554,67.6
2023-12-04,119797,194897,61.5
2023-12-05,119118,203111,58.6
2023-12-06,120748,206240,58.5
2023-12-07,124257,213078,58.3
2023-12-08,125505,210067,59.7
2023-12-09,111060,171760,64.7
2023-12-10,111856,163806,68.3
2023-12-11,120700,196281,61.5
2023-12-12,119986,206801,58.0
2023-12-13,120502,207437,58.1
2023-12-14,123040,210542,58.4
2023-12-15,128322,212692,60.3
2023-12-16,114258,183951,62.1
2023-12-17,113443,168297,67.4
2023-12-18,118798,187037,63.5
2023-12-19,121518,202177,60.1
2023-12-20,124921,209842,59.5
2023-12-21,126082,203641,61.9
2023-12-22,126954,197497,64.3
2023-12-23,117091,172674,67.8
2023-12-24,102637,137800,74.5
2023-12-25,93445,120886,77.3
2023-12-26,111684,165015,67.7
2023-12-27,121763,190110,64.0
2023-12-28,123233,187696,65.7
2023-12-29,123797,190933,64.8
2023-12-30,114927,175353,65.5
2023-12-31,102718,151460,67.8
2024-01-01,103265,150154,68.8
2024-01-02,115899,185675,62.4
2024-01-03,120955,191593,63.1
2024-01-04,120980,194080,62.3
2024-01-05,123516,202046,61.1
2024-01-06,111829,165110,67.7
2024-01-07,112923,165679,68.2
2024-01-08,117595,181432,64.8
2024-01-09,112521,167511,67.2
2024-01-10,116143,188073,61.8
2024-01-11,118610,197694,60.0
2024-01-12,118562,179370,66.1
2024-01-13,108457,159484,68.0
2024-01-14,107920,156267,69.1
2024-01-15,113543,173271,65.5
2024-01-16,109760,157575,69.7
2024-01-17,111988,171540,65.3
2024-01-18,117517,190812,61.6
2024-01-19,120170,187129,64.2
2024-01-20,111892,174793,64.0
2024-01-21,109757,163249,67.2
2024-01-22,114702,175287,65.4
2024-01-23,112544,172780,65.1
2024-01-24,112240,167167,67.1
2024-01-25,117543,178157,66.0
2024-01-26,121861,185207,65.8
2024-01-27,111279,169139,65.8
2024-01-28,113146,170063,66.5
2024-01-29,119645,196299,61.0
2024-01-30,117901,204495,57.7
2024-01-31,118925,203389,58.5
2024-02-01,122755,210181,58.4
2024-02-02,122940,196919,62.4
2024-02-03,110361,180398,61.2
2024-02-04,112931,171307,65.9
2024-02-05,119762,185884,64.4
2024-02-06,117188,194581,60.2
2024-02-07,119283,204484,58.3
2024-02-08,123755,207007,59.8
2024-02-09,124120,204154,60.8
2024-02-10,112654,178869,63.0
2024-02-11,112593,168624,66.8
2024-02-12,120911,194555,62.1
2024-02-13,118409,207397,57.1
2024-02-14,122780,217948,56.3
2024-02-15,126449,218193,58.0
2024-02-16,129523,218183,59.4
2024-02-17,117530,179704,65.4
2024-02-18,116822,183025,63.8
2024-02-19,124600,208819,59.7
2024-02-20,122432,217866,56.2
2024-02-21,122967,216790,56.7
2024-02-22,125138,213890,58.5
2024-02-23,127071,213193,59.6
2024-02-24,115847,197692,58.6
2024-02-25,118374,201811,58.7
2024-02-26,123576,208322,59.3
2024-02-27,119382,194897,61.3
2024-02-28,119936,193365,62.0
2024-02-29,125572,213889,58.7
2024-03-01,126738,207539,61.1
2024-03-02,112128,173351,64.7
2024-03-03,114392,178243,64.2
2024-03-04,120840,199404,60.6
2024-03-05,119417,200643,59.5
2024-03-06,120410,201875,59.6
2024-03-07,122771,214515,57.2
2024-03-08,126310,219690,57.5
2024-03-09,112951,183785,61.5
2024-03-10,118951,190810,62.3
2024-03-11,123235,210555,58.5
2024-03-12,121311,217391,55.8
2024-03-13,122549,227961,53.8
2024-03-14,123611,219935,56.2
2024-03-15,126382,209363,60.4
2024-03-16,114892,199069,57.7
2024-03-17,117706,190011,61.9
2024-03-18,123673,208860,59.2
2024-03-19,121771,218507,55.7
2024-03-20,123994,228805,54.2
2024-03-21,128011,231717,55.2
2024-03-22,128562,216217,59.5
2024-03-23,116187,181045,64.2
2024-03-24,116675,182223,64.0
2024-03-25,122819,200032,61.4
2024-03-26,121401,203711,59.6
2024-03-27,125389,216272,58.0
2024-03-28,128178,220634,58.1
2024-03-29,126884,218113,58.2
2024-03-30,114978,194073,59.2
2024-03-31,116539,178824,65.2
2024-04-01,123774,201069,61.6
2024-04-02,125954,207688,60.6
2024-04-03,126096,201597,62.5
2024-04-04,130536,216585,60.3
2024-04-05,131215,226230,58.0
2024-04-06,122031,209383,58.3
2024-04-07,123717,210084,58.9
2024-04-08,129788,232024,55.9
2024-04-09,128802,221629,58.1
2024-04-10,127328,220920,57.6
2024-04-11,128751,213638,60.3
2024-04-12,133074,229771,57.9
2024-04-13,121005,213519,56.7
2024-04-14,121915,213900,57.0
2024-04-15,130904,229660,57.0
2024-04-16,128954,230038,56.1
2024-04-17,129963,229696,56.6
2024-04-18,133395,236917,56.3
2024-04-19,132504,229662,57.7
2024-04-20,117752,201788,58.4
2024-04-21,121417,208426,58.3
2024-04-22,129893,231846,56.0
2024-04-23,130256,235723,55.3
2024-04-24,133239,242260,55.0
2024-04-25,132517,242012,54.8
2024-04-26,133564,233384,57.2
2024-04-27,119746,199181,60.1
2024-04-28,122034,200396,60.9
2024-04-29,132089,237756,55.6
2024-04-30,134551,251230,53.6
2024-05-01,135130,256505,52.7
2024-05-02,136953,254244,53.9
2024-05-03,136144,251385,54.2
2024-05-04,123159,216985,56.8
2024-05-05,125343,206795,60.6
2024-05-06,131402,224116,58.6
2024-05-07,132833,246130,54.0
2024-05-08,135060,254087,53.2
2024-05-09,134727,256370,52.6
2024-05-10,135534,262922,51.5
2024-05-11,124349,250939,49.6
2024-05-12,125141,222356,56.3
2024-05-13,132862,240646,55.2
2024-05-14,131303,233266,56.3
2024-05-15,131267,231771,56.6
2024-05-16,135914,240009,56.6
2024-05-17,136518,240025,56.9
2024-05-18,122270,212354,57.6
2024-05-19,123765,212792,58.2
2024-05-20,131555,237755,55.3
2024-05-21,132605,236485,56.1
2024-05-22,134124,239783,55.9
2024-05-23,137049,247030,55.5
2024-05-24,137451,242718,56.6
2024-05-25,123153,216915,56.8
2024-05-26,121132,201409,60.1
2024-05-27,127848,211960,60.3
2024-05-28,130760,229531,57.0
2024-05-29,135918,248599,54.7
2024-05-30,137257,249058,55.1
2024-05-31,137388,249869,55.0
2024-06-01,124794,219080,57.0
2024-06-02,125879,207710,60.6
2024-06-03,133996,226649,59.1
2024-06-04,134435,238530,56.4
2024-06-05,136051,241500,56.3
2024-06-06,140561,250585,56.1
2024-06-07,143204,262488,54.6
2024-06-08,128767,233220,55.2
2024-06-09,127391,213958,59.5
2024-06-10,138172,240190,57.5
2024-06-11,136746,247304,55.3
2024-06-12,140043,259647,53.9
2024-06-13,141013,261889,53.8
2024-06-14,143329,260799,55.0
2024-06-15,130954,229850,57.0
2024-06-16,129758,218856,59.3
2024-06-17,137550,235764,58.3
2024-06-18,136531,244061,55.9
2024-06-19,137072,250884,54.6
2024-06-20,140137,257858,54.3
2024-06-21,140821,258660,54.4
2024-06-22,131108,233460,56.2
2024-06-23,131795,222855,59.1
2024-06-24,140979,252344,55.9
2024-06-25,141549,263463,53.7
2024-06-26,141692,261317,54.2
2024-06-27,145185,265597,54.7
2024-06-28,144903,266234,54.4
2024-06-29,130714,230715,56.7
2024-06-30,130612,213652,61.1
2024-07-01,139060,242383,57.4
2024-07-02,142432,258780,55.0
2024-07-03,143850,260998,55.1
2024-07-04,133571,225522,59.2
2024-07-05,134990,229566,58.8
2024-07-06,132018,225260,58.6
2024-07-07,134150,229390,58.5
2024-07-08,141065,247438,57.0
2024-07-09,141908,251891,56.3
2024-07-10,143400,254153,56.4
2024-07-11,147011,269516,54.5
2024-07-12,145459,261133,55.7
2024-07-13,135437,239241,56.6
2024-07-14,135830,235619,57.6
2024-07-15,143749,252129,57.0
2024-07-16,143066,254341,56.2
2024-07-17,144341,263723,54.7
2024-07-18,147067,275027,53.5
2024-07-19,141568,275690,51.4
2024-07-20,133292,244254,54.6
2024-07-21,132529,228026,58.1
2024-07-22,139619,240137,58.1
2024-07-23,141891,248979,57.0
2024-07-24,142577,252452,56.5
2024-07-25,143052,257784,55.5
2024-07-26,141585,261263,54.2
2024-07-27,132012,236549,55.8
2024-07-28,132567,229498,57.8
2024-07-29,138241,237249,58.3
2024-07-30,139503,249383,55.9
2024-07-31,141044,258144,54.6
2024-08-01,143104,262260,54.6
2024-08-02,141838,255315,55.6
2024-08-03,130781,230777,56.7
2024-08-04,129698,218458,59.4
2024-08-05,135794,237504,57.2
2024-08-06,135910,240363,56.5
2024-08-07,138784,248724,55.8
2024-08-08,140666,249727,56.3
2024-08-09,140860,247072,57.0
2024-08-10,131747,239273,55.1
2024-08-11,130819,232945,56.2
2024-08-12,139049,248297,56.0
2024-08-13,138392,256836,53.9
2024-08-14,139531,260253,53.6
2024-08-15,140308,257868,54.4
2024-08-16,140244,255192,55.0
2024-08-17,129700,224831,57.7
2024-08-18,129091,210018,61.5
2024-08-19,137705,236250,58.3
2024-08-20,138877,251797,55.2
2024-08-21,138713,257613,53.8
2024-08-22,140404,257969,54.4
2024-08-23,142483,258892,55.0
2024-08-24,129950,232873,55.8
2024-08-25,130427,227185,57.4
2024-08-26,137318,242412,56.6
2024-08-27,136553,247193,55.2
2024-08-28,137260,249730,55.0
2024-08-29,138930,251705,55.2
2024-08-30,140416,248568,56.5
2024-08-31,126648,218592,57.9
2024-09-01,123386,201584,61.2
2024-09-02,130777,220431,59.3
2024-09-03,133603,235602,56.7
2024-09-04,134782,244002,55.2
2024-09-05,136892,245408,55.8
2024-09-06,135663,239092,56.7
2024-09-07,123575,217935,56.7
2024-09-08,127272,218421,58.3
2024-09-09,134897,231055,58.4
2024-09-10,134158,243539,55.1
2024-09-11,133369,239468,55.7
2024-09-12,137695,241606,57.0
2024-09-13,139207,247215,56.3
2024-09-14,124863,222301,56.2
2024-09-15,124741,213088,58.5
2024-09-16,130254,226815,57.4
2024-09-17,133748,239596,55.8
2024-09-18,134729,246196,54.7
2024-09-19,138409,253966,54.5
2024-09-20,140326,259942,54.0
2024-09-21,124678,230181,54.2
2024-09-22,127014,217576,58.4
2024-09-23,133733,224536,59.6
2024-09-24,124083,220276,56.3
2024-09-25,132179,225604,58.6
2024-09-26,135507,224020,60.5
2024-09-27,137131,225356,60.9
2024-09-28,126249,215589,58.6
2024-09-29,129466,215150,60.2
2024-09-30,136986,232763,58.9
2024-10-01,134803,232356,58.0
2024-10-02,134851,241947,55.7
2024-10-03,138382,257435,53.8
2024-10-04,140035,252638,55.4
2024-10-05,125961,224589,56.1
2024-10-06,127179,211668,60.1
2024-10-07,135395,230702,58.7
2024-10-08,134302,237446,56.6
2024-10-09,131457,236044,55.7
2024-10-10,134059,239304,56.0
2024-10-11,137699,253818,54.3
2024-10-12,124209,223000,55.7
2024-10-13,125232,208316,60.1
2024-10-14,133418,220549,60.5
2024-10-15,134380,234971,57.2
2024-10-16,133397,234008,57.0
2024-10-17,137778,245682,56.1
2024-10-18,138222,241225,57.3
2024-10-19,125559,223561,56.2
2024-10-20,126854,219793,57.7
2024-10-21,135449,237768,57.0
2024-10-22,134663,244999,55.0
2024-10-23,135536,247550,54.8
2024-10-24,139334,253225,55.0
2024-10-25,139444,253607,55.0
2024-10-26,125779,219935,57.2
2024-10-27,124098,214285,57.9
2024-10-28,130668,221751,58.9
2024-10-29,126966,216633,58.6
2024-10-30,127595,219315,58.2
2024-10-31,127738,217388,58.8
2024-11-01,129786,220427,58.9
2024-11-02,118464,201643,58.7
2024-11-03,119108,193958,61.4
2024-11-04,124654,202969,61.4
2024-11-05,120607,201670,59.8
2024-11-06,121714,206655,58.9
2024-11-07,129387,222463,58.2
2024-11-08,133179,229602,58.0
2024-11-09,118299,204933,57.7
2024-11-10,119355,190243,62.7
2024-11-11,127206,210374,60.5
2024-11-12,122215,215579,56.7
2024-11-13,119571,213457,56.0
2024-11-14,120498,208712,57.7
2024-11-15,130758,230463,56.7
2024-11-16,112460,197296,57.0
2024-11-17,105700,181637,58.2
2024-11-18,122237,205271,59.5
2024-11-19,119383,206523,57.8
2024-11-20,117855,200466,58.8
2024-11-21,122158,206835,59.1
2024-11-22,127665,212934,60.0
2024-11-23,115343,191344,60.3
2024-11-24,116729,187630,62.2
2024-11-25,122465,207550,59.0
2024-11-26,121833,212668,57.3
2024-11-27,121663,210939,57.7
2024-11-28,107622,159559,67.4
2024-11-29,111495,181415,61.5
2024-11-30,112571,188502,59.7
2024-12-01,118985,196219,60.6
2024-12-02,124033,207980,59.6
2024-12-03,121159,213907,56.6
2024-12-04,119816,206630,58.0
2024-12-05,123111,205134,60.0
2024-12-06,126681,219519,57.7
2024-12-07,112493,189804,59.3
2024-12-08,113854,179141,63.6
2024-12-09,120948,193662,62.5
2024-12-10,118034,194143,60.8
2024-12-11,118537,198485,59.7
2024-12-12,125859,216425,58.2
2024-12-13,128377,220154,58.3
2024-12-14,112761,185905,60.7
2024-12-15,113591,172416,65.9
2024-12-16,120389,188394,63.9
2024-12-17,121116,209361,57.9
2024-12-18,121438,206512,58.8
2024-12-19,127662,219650,58.1
2024-12-20,133205,216174,61.6
2024-12-21,125294,199622,62.8
2024-12-22,124055,190561,65.1
2024-12-23,127354,199625,63.8
2024-12-24,114578,158196,72.4
2024-12-25,99266,128990,77.0
2024-12-26,120386,180263,66.8
2024-12-27,131461,199417,65.9
2024-12-28,124088,181443,68.4
2024-12-29,123357,173811,71.0
2024-12-30,128558,196310,65.5
2024-12-31,117886,178706,66.0
2025-01-01,108618,156956,69.2
2025-01-02,128487,205823,62.4
2025-01-03,133996,213193,62.9
2025-01-04,126206,198500,63.6
2025-01-05,124521,186594,66.7
2025-01-06,125102,186909,66.9
2025-01-07,124793,199011,62.7
2025-01-08,124647,207009,60.2
2025-01-09,125579,203780,61.6
2025-01-10,126541,201176,62.9
2025-01-11,116211,181316,64.1
2025-01-12,121697,197180,61.7
2025-01-13,130019,213771,60.8
2025-01-14,128058,218645,58.6
2025-01-15,129260,222495,58.1
2025-01-16,134717,231908,58.1
2025-01-17,138640,235667,58.8
2025-01-18,121716,188712,64.5
2025-01-19,118773,177406,66.9
2025-01-20,128421,200461,64.1
2025-01-21,123430,194294,63.5
2025-01-22,124502,201616,61.8
2025-01-23,131562,215720,61.0
2025-01-24,137054,233818,58.6
2025-01-25,126704,213444,59.4
2025-01-26,126126,195936,64.4
2025-01-27,131914,209310,63.0
2025-01-28,124610,213232,58.4
2025-01-29,126803,218463,58.0
2025-01-30,133728,233993,57.2
2025-01-31,135761,217026,62.6
2025-02-01,123721,204637,60.5
2025-02-02,126054,204335,61.7
2025-02-03,132363,214600,61.7
2025-02-04,129030,213595,60.4
2025-02-05,130982,220249,59.5
2025-02-06,133436,214588,62.2
2025-02-07,139240,228335,61.0
2025-02-08,124038,201850,61.5
2025-02-09,124804,195694,63.8
2025-02-10,129541,205174,63.1
2025-02-11,117738,183650,64.1
2025-02-12,117639,178874,65.8
2025-02-13,124384,190188,65.4
2025-02-14,131555,204252,64.4
2025-02-15,118328,173873,68.1
2025-02-16,117306,170296,68.9
2025-02-17,125654,196216,64.0
2025-02-18,124621,198750,62.7
2025-02-19,123011,192368,63.9
2025-02-20,127865,201710,63.4
2025-02-21,131687,212298,62.0
2025-02-22,121023,197578,61.3
2025-02-23,121762,191371,63.6
2025-02-24,126013,197604,63.8
2025-02-25,123203,205376,60.0
2025-02-26,125204,213928,58.5
2025-02-27,128623,213733,60.2
2025-02-28,135414,223378,60.6
2025-03-01,123371,194245,63.5
2025-03-02,123285,190400,64.8
2025-03-03,128709,203182,63.3
2025-03-04,122980,193916,63.4
2025-03-05,124437,193639,64.3
2025-03-06,128449,204640,62.8
2025-03-07,132971,213623,62.2
2025-03-08,120777,192652,62.7
2025-03-09,124920,195231,64.0
2025-03-10,125746,200682,62.7
2025-03-11,127084,208854,60.8
2025-03-12,128298,210366,61.0
2025-03-13,131666,210005,62.7
2025-03-14,133247,204034,65.3
2025-03-15,119440,173743,68.7
2025-03-16,123168,179106,68.8
2025-03-17,130725,200343,65.3
2025-03-18,128408,214765,59.8
2025-03-19,130065,218113,59.6
2025-03-20,134789,219371,61.4
2025-03-21,135853,222813,61.0
2025-03-22,124679,200626,62.1
2025-03-23,126701,192437,65.8
2025-03-24,131899,204942,64.4
2025-03-25,131507,220105,59.7
2025-03-26,134025,224366,59.7
2025-03-27,137900,228741,60.3
2025-03-28,137559,217465,63.3
2025-03-29,124011,189013,65.6
2025-03-30,126058,178188,70.7
2025-03-31,132412,203068,65.2
2025-04-01,135367,218547,61.9
2025-04-02,134811,212915,63.3
2025-04-03,137422,222086,61.9
2025-04-04,137873,234863,58.7
2025-04-05,125049,200574,62.3
2025-04-06,130395,204640,63.7
2025-04-07,137108,222614,61.6
2025-04-08,137623,238862,57.6
2025-04-09,141608,255959,55.3
2025-04-10,143724,256728,56.0
2025-04-11,143214,247708,57.8
2025-04-12,128095,217357,58.9
2025-04-13,130478,206116,63.3
2025-04-14,138859,229928,60.4
2025-04-15,136608,230526,59.3
2025-04-16,140277,254558,55.1
2025-04-17,143253,253705,56.5
2025-04-18,136699,229432,59.6
2025-04-19,125750,209475,60.0
2025-04-20,126725,191309,66.2
2025-04-21,137370,230600,59.6
2025-04-22,140022,252371,55.5
2025-04-23,140285,251673,55.7
2025-04-24,141560,248385,57.0
2025-04-25,141921,239022,59.4
2025-04-26,128277,208665,61.5
2025-04-27,132388,217716,60.8
2025-04-28,138282,239944,57.6
2025-04-29,136218,242731,56.1
2025-04-30,136393,248437,54.9
2025-05-01,136891,247694,55.3
2025-05-02,134606,235029,57.3
2025-05-03,127587,210489,60.6
2025-05-04,130899,207008,63.2
2025-05-05,137225,221622,61.9
2025-05-06,132990,227695,58.4
2025-05-07,133925,242297,55.3
2025-05-08,138019,253469,54.5
2025-05-09,140816,253622,55.5
2025-05-10,127215,226693,56.1
2025-05-11,129107,209623,61.6
2025-05-12,135846,225511,60.2
2025-05-13,135575,234486,57.8
2025-05-14,137480,243438,56.5
2025-05-15,142914,249195,57.4
2025-05-16,142416,243309,58.5
2025-05-17,128311,207948,61.7
2025-05-18,131143,210580,62.3
2025-05-19,139096,234164,59.4
2025-05-20,138365,246310,56.2
2025-05-21,140115,246933,56.7
2025-05-22,144171,251707,57.3
2025-05-23,146557,259215,56.5
2025-05-24,130264,221922,58.7
2025-05-25,129246,204213,63.3
2025-05-26,136635,224712,60.8
2025-05-27,137467,237129,58.0
2025-05-28,140577,243434,57.7
2025-05-29,142238,243680,58.4
2025-05-30,143547,254363,56.4
2025-05-31,131360,225391,58.3
2025-06-01,132044,216971,60.9
2025-06-02,142132,243557,58.4
2025-06-03,140941,245092,57.5
2025-06-04,139591,241928,57.7
2025-06-05,144731,251657,57.5
2025-06-06,144807,251161,57.7
2025-06-07,131036,212582,61.6
2025-06-08,133379,208196,64.1
2025-06-09,140897,236228,59.6
2025-06-10,143280,249257,57.5
2025-06-11,144197,266260,54.2
2025-06-12,145413,262957,55.3
2025-06-13,143229,256272,55.9
2025-06-14,128856,218486,59.0
2025-06-15,130385,209562,62.2
2025-06-16,142206,245363,58.0
2025-06-17,141972,251998,56.3
2025-06-18,143764,258065,55.7
2025-06-19,145522,261545,55.6
2025-06-20,146445,262549,55.8
2025-06-21,134323,240595,55.8
2025-06-22,135018,228163,59.2
2025-06-23,143555,248362,57.8
2025-06-24,140647,258739,54.4
2025-06-25,139139,256055,54.3
2025-06-26,142044,255929,55.5
2025-06-27,141696,251903,56.3
2025-06-28,129509,230775,56.1
2025-06-29,130700,229672,56.9
2025-06-30,137867,242565,56.8
2025-07-01,138248,248060,55.7
2025-07-02,139729,253674,55.1
2025-07-03,140707,256437,54.9
2025-07-04,132966,227416,58.5
2025-07-05,125138,219233,57.1
2025-07-06,132100,219015,60.3
2025-07-07,140173,235210,59.6
2025-07-08,141144,254822,55.4
2025-07-09,142391,261124,54.5
2025-07-10,144690,264515,54.7
2025-07-11,144322,261377,55.2
2025-07-12,133014,233136,57.1
2025-07-13,132471,225597,58.7
2025-07-14,140535,244613,57.5
2025-07-15,141629,254857,55.6
2025-07-16,142766,257222,55.5
2025-07-17,145900,262460,55.6
2025-07-18,146370,273100,53.6
2025-07-19,132774,236603,56.1
2025-07-20,132029,222929,59.2
2025-07-21,140759,241199,58.4
2025-07-22,141341,255328,55.4
2025-07-23,143349,265722,53.9
2025-07-24,144806,267826,54.1
2025-07-25,144906,259820,55.8
2025-07-26,134410,232169,57.9
2025-07-27,133261,221877,60.1
2025-07-28,141741,250208,56.6
2025-07-29,141278,260232,54.3
2025-07-30,141172,261857,53.9
2025-07-31,143647,258805,55.5
2025-08-01,145029,260266,55.7
2025-08-02,134943,240061,56.2
2025-08-03,135315,231538,58.4
2025-08-04,142040,248192,57.2
2025-08-05,142141,262531,54.1
2025-08-06,143380,271512,52.8
2025-08-07,146774,276831,53.0
2025-08-08,145942,270907,53.9
2025-08-09,133734,245234,54.5
2025-08-10,135153,237944,56.8
2025-08-11,143637,254050,56.5
2025-08-12,142790,262804,54.3
2025-08-13,141878,262316,54.1
2025-08-14,146169,270632,54.0
2025-08-15,147371,271189,54.3
2025-08-16,133366,236574,56.4
2025-08-17,134003,232702,57.6
2025-08-18,141425,251209,56.3
2025-08-19,141321,258411,54.7
2025-08-20,140783,253711,55.5
2025-08-21,144479,260051,55.6
2025-08-22,145840,268390,54.3
2025-08-23,132847,239038,55.6
2025-08-24,134204,235127,57.1
2025-08-25,142102,253775,56.0
2025-08-26,140432,262846,53.4
2025-08-27,141179,262779,53.7
2025-08-28,143982,258644,55.7
2025-08-29,144885,252149,57.5
2025-08-30,130935,228178,57.4
2025-08-31,129111,221797,58.2
2025-09-01,135000,231562,58.3
2025-09-02,135319,243037,55.7
2025-09-03,137422,252473,54.4
2025-09-04,140632,253024,55.6
2025-09-05,142394,251799,56.6
2025-09-06,126613,230920,54.8
2025-09-07,130450,226666,57.6
2025-09-08,138239,249136,55.5
2025-09-09,136268,250707,54.4
2025-09-10,136357,245139,55.6
2025-09-11,141808,258191,54.9
2025-09-12,144626,267005,54.2
2025-09-13,127276,230400,55.2
2025-09-14,131427,224645,58.5
2025-09-15,139426,244621,57.0
2025-09-16,138373,255167,54.2
2025-09-17,138845,256082,54.2
2025-09-18,142811,262800,54.3
2025-09-19,143146,271576,52.7
2025-09-20,127562,237788,53.6
2025-09-21,129676,225595,57.5
2025-09-22,137909,239407,57.6
2025-09-23,133489,242488,55.0
2025-09-24,132954,243801,54.5
2025-09-25,142428,262950,54.2
2025-09-26,144089,260623,55.3
2025-09-27,129376,236976,54.6
2025-09-28,132372,239433,55.3
2025-09-29,141338,260522,54.3
2025-09-30,139298,262721,53.0
2025-10-01,141627,261447,54.2
2025-10-02,143782,268027,53.6
2025-10-03,142341,266314,53.4
2025-10-04,126399,224918,56.2
2025-10-05,130266,218260,59.7
2025-10-06,139282,237277,58.7
2025-10-07,139076,245678,56.6
2025-10-08,141889,257496,55.1
2025-10-09,143577,264698,54.2
2025-10-10,143172,258676,55.3
2025-10-11,126692,221354,57.2
2025-10-12,128994,210065,61.4
2025-10-13,136549,225328,60.6
2025-10-14,138276,242798,57.0
2025-10-15,141289,260870,54.2
2025-10-16,143609,263315,54.5
2025-10-17,144789,265568,54.5
2025-10-18,129366,245885,52.6
2025-10-19,130826,218263,59.9
2025-10-20,137007,228570,59.9
2025-10-21,136242,242946,56.1
2025-10-22,137973,246099,56.1
2025-10-23,141765,252985,56.0
2025-10-24,143254,253704,56.5
2025-10-25,127212,213943,59.5
2025-10-26,125771,199445,63.1
2025-10-27,133459,218467,61.1
2025-10-28,130604,225835,57.8
2025-10-29,131816,232999,56.6
2025-10-30,136334,244679,55.7
2025-10-31,135863,243928,55.7
2025-11-01,121374,208896,58.1
2025-11-02,124676,212599,58.6
2025-11-03,133690,233051,57.4
2025-11-04,131079,248337,52.8
2025-11-05,131224,245010,53.6
2025-11-06,136124,252991,53.8
2025-11-07,135727,239676,56.6
2025-11-08,120231,211868,56.7
2025-11-09,120655,194214,62.1
2025-11-10,128377,214420,59.9
2025-11-11,125872,219863,57.3
2025-11-12,129343,238355,54.3
2025-11-13,135048,251256,53.7
2025-11-14,137824,247772,55.6
2025-11-15,120996,204934,59.0
2025-11-16,123121,191541,64.3
2025-11-17,131855,220837,59.7
2025-11-18,128676,234651,54.8
2025-11-19,128686,234569,54.9
2025-11-20,131639,232260,56.7
2025-11-21,136130,232945,58.4
2025-11-22,123835,212033,58.4
2025-11-23,125946,209143,60.2
2025-11-24,131152,224461,58.4
2025-11-25,130305,224474,58.0
2025-11-26,130006,220102,59.1
2025-11-27,118415,184706,64.1
2025-11-28,122376,202049,60.6
2025-11-29,119897,193538,62.0
2025-11-30,126532,196876,64.3
2025-12-01,134148,219812,61.0
2025-12-02,127658,210875,60.5
2025-12-03,129421,226221,57.2
2025-12-04,132914,225744,58.9
2025-12-05,132874,218190,60.9
2025-12-06,117688,185435,63.5
2025-12-07,120240,192202,62.6
2025-12-08,130538,225218,58.0
2025-12-09,127342,229055,55.6
2025-12-10,128614,229974,55.9
2025-12-11,134178,239803,56.0
2025-12-12,136333,238892,57.1
2025-12-13,120454,201401,59.8
2025-12-14,122014,186236,65.5
2025-12-15,131469,225719,58.2
2025-12-16,129354,236649,54.7
2025-12-17,131123,234476,55.9
2025-12-18,133182,225035,59.2
2025-12-19,137282,225810,60.8
2025-12-20,128516,211855,60.7
2025-12-21,128308,201702,63.6
2025-12-22,132095,217341,60.8
2025-12-23,130630,209752,62.3
2025-12-24,118763,172901,68.7
2025-12-25,102439,136868,74.8
2025-12-26,122988,188056,65.4
2025-12-27,124488,199298,62.5
2025-12-28,126466,194148,65.1
2025-12-29,127592,198898,64.1
2025-12-30,131508,219798,59.8
2025-12-31,121991,197202,61.9
2026-01-01,110618,159498,69.4
2026-01-02,126933,198253,64.0
2026-01-03,125663,200165,62.8
2026-01-04,127257,202022,63.0
2026-01-05,129028,211068,61.1
2026-01-06,124437,211905,58.7
2026-01-07,125067,218437,57.3
2026-01-08,127247,217270,58.6
2026-01-09,129206,213785,60.4
2026-01-10,118638,195063,60.8
2026-01-11,120615,199950,60.3
2026-01-12,127758,235158,54.3
2026-01-13,123741,237876,52.0
2026-01-14,124097,224922,55.2
2026-01-15,128978,243273,53.0
2026-01-16,133761,239188,55.9
2026-01-17,118726,202061,58.8
2026-01-18,118521,192643,61.5
2026-01-19,127001,221629,57.3
2026-01-20,125842,235291,53.5
2026-01-21,125027,233768,53.5
2026-01-22,130279,237047,55.0
2026-01-23,130540,221653,58.9
2026-01-24,113687,183060,62.1
2026-01-25,106056,163582,64.8
2026-01-26,117318,194841,60.2
2026-01-27,121283,218786,55.4
2026-01-28,126540,232315,54.5
2026-01-29,132417,241531,54.8
2026-01-30,133926,240110,55.8
2026-01-31,117769,197594,59.6
2026-02-01,120664,193973,62.2
2026-02-02,130720,225010,58.1
2026-02-03,126654,231845,54.6
2026-02-04,127839,234667,54.5
2026-02-05,131372,238468,55.1
2026-02-06,136091,246751,55.2
2026-02-07,123653,222551,55.6
2026-02-08,124582,206912,60.2
2026-02-09,133534,232988,57.3
2026-02-10,129322,234157,55.2
2026-02-11,131103,237173,55.3
2026-02-12,137415,254042,54.1
2026-02-13,141860,258762,54.8
2026-02-14,128816,223385,57.7
2026-02-15,125329,203550,61.6
2026-02-16,129861,217084,59.8
2026-02-17,131002,226828,57.8
2026-02-18,130115,225557,57.7
2026-02-19,133482,225989,59.1
2026-02-20,138186,238096,58.0
2026-02-21,128897,226625,56.9
2026-02-22,125199,204614,61.2
2026-02-23,128643,227791,56.5
2026-02-24,130759,244072,53.6
2026-02-25,134563,251038,53.6
2026-02-26,140571,258486,54.4
2026-02-27,141967,264402,53.7
2026-02-28,126013,233205,54.0
2026-03-01,125474,219423,57.2
2026-03-02,133015,242322,54.9
2026-03-03,126508,235349,53.8
2026-03-04,129315,245292,52.7
2026-03-05,133317,242552,55.0
2026-03-06,135019,238359,56.6
2026-03-07,121147,204829,59.1
2026-03-08,127048,215607,58.9
2026-03-09,132738,241558,55.0
2026-03-10,130770,248313,52.7
2026-03-11,129309,238288,54.3
2026-03-12,134389,247699,54.3
2026-03-13,136463,248998,54.8
2026-03-14,124341,222991,55.8
2026-03-15,122201,202189,60.4
2026-03-16,125997,212272,59.4
2026-03-17,131368,245936,53.4
2026-03-18,135019,267827,50.4
2026-03-19,139510,279088,50.0
2026-03-20,139701,270421,51.7
2026-03-21,125822,242486,51.9
2026-03-22,127838,228800,55.9
2026-03-23,135903,248370,54.7
2026-03-24,134015,269275,49.8
2026-03-25,134794,259645,51.9
2026-03-26,138308,256060,54.0
2026-03-27,140461,258788,54.3
2026-03-28,127874,235039,54.4
2026-03-29,129262,228913,56.5
2026-03-30,136924,244605,56.0
2026-03-31,136343,246306,55.4
2026-04-01,137658,250700,54.9
2026-04-02,138230,243755,56.7
2026-04-03,135480,237222,57.1
2026-04-04,123469,223978,55.1
2026-04-05,123119,207780,59.3
2026-04-06,136232,262668,51.9
2026-04-07,136919,266115,51.5
2026-04-08,137655,289586,47.5
2026-04-09,139665,286045,48.8
2026-04-10,140475,280547,50.1
2026-04-11,127396,237102,53.7
2026-04-12,127509,216394,58.9
2026-04-13,134757,244329,55.2
2026-04-14,134147,264277,50.8
2026-04-15,136577,260001,52.5
2026-04-16,141451,275374,51.4
2026-04-17,140007,272050,51.5
2026-04-18,125749,239865,52.4
2026-04-19,128734,227145,56.7
2026-04-20,136480,257154,53.1
2026-04-21,134885,262029,51.5
2026-04-22,137031,266342,51.4
2026-04-23,141172,275406,51.3
2026-04-24,142390,276570,51.5
2026-04-25,126134,236440,53.3
2026-04-26,127779,221812,57.6
2026-04-27,135165,249764,54.1
2026-04-28,135299,258161,52.4
2026-04-29,140001,266689,52.5
2026-04-30,145958,276629,52.8
2026-05-01,141816,272712,52.0
2026-05-02,124672,239498,52.1
2026-05-03,128940,229041,56.3
2026-05-04,137660,244182,56.4
2026-05-05,136810,245499,55.7
2026-05-06,137110,249772,54.9
2026-05-07,140329,268418,52.3
2026-05-08,139692,272019,51.4
2026-05-09,122978,236193,52.1
2026-05-10,125894,218263,57.7
2026-05-11,134627,252405,53.3
2026-05-12,133062,264222,50.4
2026-05-13,135029,259784,52.0
2026-05-14,138196,261584,52.8
2026-05-15,139292,264761,52.6
2026-05-16,125224,234457,53.4
2026-05-17,129350,230022,56.2
2026-05-18,134680,243234,55.4
2026-05-19,134011,254926,52.6
2026-05-20,138874,270757,51.3
2026-05-21,142668,278621,51.2
2026-05-22,144627,274585,52.7
2026-05-23,127719,236597,54.0
2026-05-24,126829,223822,56.7
2026-05-25,132635,245590,54.0
2026-05-26,135508,256115,52.9
2026-05-27,137900,261623,52.7
2026-05-28,141812,274952,51.6
2026-05-29,143664,280135,51.3
2026-05-30,128733,243491,52.9
2026-05-31,132497,240170,55.2
2026-06-01,139167,255897,54.4
2026-06-02,136268,264840,51.5
2026-06-03,138024,273509,50.5
2026-06-04,142695,275750,51.7
2026-06-05,144413,274692,52.6
2026-06-06,128219,237041,54.1
2026-06-07,131881,234934,56.1
2026-06-08,138961,255922,54.3
2026-06-09,139179,262750,53.0
2026-06-10,140862,265717,53.0
2026-06-11,144582,273475,52.9
2026-06-12,144882,266759,54.3
2026-06-13,131661,245102,53.7
2026-06-14,132382,227587,58.2
2026-06-15,140806,251496,56.0
2026-06-16,140720,260913,53.9
2026-06-17,142026,261343,54.3
2026-06-18,145877,261091,55.9
2026-06-19,143068,262072,54.6
2026-06-20,131539,243097,54.1
2026-06-21,135684,237801,57.1
2026-06-22,141924,250532,56.6
2026-06-23,142715,264423,54.0
2026-06-24,143807,275220,52.3
2026-06-25,147643,275940,53.5
2026-06-26,148133,266168,55.7
2026-06-27,133677,233753,57.2
2026-06-28,136728,229149,59.7
2026-06-29,142876,253080,56.5
2026-06-30,145210,267644,54.3
2026-07-01,147542,271619,54.3
2026-07-02,149723,275665,54.3
2026-07-03,144539,260932,55.4
2026-07-04,128723,221242,58.2
2026-07-05,134470,227486,59.1
2026-07-06,144305,251365,57.4
2026-07-07,146145,262555,55.7
2026-07-08,149312,280280,53.3
2026-07-09,149590,279881,53.4
2026-07-10,150349,279802,53.7
2026-07-11,134976,252010,53.6
2026-07-12,137401,244746,56.1
2026-07-13,146631,262361,55.9
2026-07-14,147794,271891,54.4
2026-07-15,150415,279780,53.8
2026-07-16,151379,278569,54.3
2026-07-17,150771,271988,55.4
2026-07-18,138368,245173,56.4
2026-07-19,139321,239881,58.1
2026-07-20,147686,265880,55.5
2026-07-21,146065,262773,55.6
2026-07-22,150500,275851,54.6
2026-07-23,153359,287364,53.4
2026-07-24,152220,283741,53.6
2026-07-25,139095,253510,54.9
2026-07-26,139733,238216,58.7
2026-07-27,146571,258274,56.8
2026-07-28,146155,267720,54.6
2026-07-29,150100,277814,54.0
2026-07-30,152129,279738,54.4
2026-07-31,152579,278444,54.8
2026-08-01,139943,245855,56.9
2026-08-02,139372,237842,58.6
2026-08-03,146340,251127,58.3
2026-08-04,148409,270113,54.9
2026-08-05,148341,269205,55.1
2026-08-06,150038,273218,54.9
2026-08-07,149889,274645,54.6
2026-08-08,136952,252107,54.3
2026-08-09,136166,239635,56.8
2026-08-10,145703,255875,56.9
2026-08-11,145943,265837,54.9
2026-08-12,147941,272365,54.3
2026-08-13,150462,275267,54.7
2026-08-14,150247,273773,54.9
2026-08-15,137458,247800,55.5
2026-08-16,138478,236693,58.5
2026-08-17,147094,254647,57.8
2026-08-18,146817,267230,54.9
2026-08-19,146778,272610,53.8
2026-08-20,148751,271151,54.9
2026-08-21,150092,270243,55.5
2026-08-22,136153,239658,56.8
2026-08-23,138142,243810,56.7
2026-08-24,145887,258989,56.3
2026-08-25,145268,267423,54.3
2026-08-26,145929,272030,53.6
2026-08-27,146896,266234,55.2
2026-08-28,148607,263718,56.4
2026-08-29,136229,241169,56.5
2026-08-30,137148,231362,59.3
2026-08-31,142979,247843,57.7
2026-09-01,141756,255357,55.5
2026-09-02,142715,258318,55.2
2026-09-03,145278,258717,56.2
2026-09-04,147377,260258,56.6
2026-09-05,131492,233792,56.2
2026-09-06,129903,227407,57.1
2026-09-07,136957,244135,56.1
2026-09-08,137820,252856,54.5
2026-09-09,141860,257973,55.0
2026-09-10,145048,262148,55.3
2026-09-11,147015,267415,55.0
2026-09-12,130616,240769,54.2
2026-09-13,134015,223829,59.9
2026-09-14,142978,250928,57.0
2026-09-15,141088,260776,54.1
2026-09-16,142080,262400,54.1
2026-09-17,145366,262287,55.4
2026-09-18,147712,266282,55.5
2026-09-19,130618,234412,55.7
2026-09-20,133194,223013,59.7
2026-09-21,139201,240822,57.8
2026-09-22,141026,251907,56.0
2026-09-23,142949,258774,55.2
2026-09-24,146336,264011,55.4
2026-09-25,146003,263300,55.5
2026-09-26,131212,240994,54.4
2026-09-27,134240,232143,57.8
2026-09-28,141916,244634,58.0
2026-09-29,141677,255343,55.5
2026-09-30,143678,255366,56.3
2026-10-01,146007,255082,57.2
2026-10-02,145853,251980,57.9
2026-10-03,130008,232017,56.0
2026-10-04,132817,226475,58.6
2026-10-05,143435,246402,58.2
